stationid,Barangay,Month,Year,Time (AM),Weather Condition,Wind Direction,Color of Water (apparent),Air Temperature (0C),Water Transparency (m),"Depth, m",Water Temperature (0C),Hardness (mg/L)
1,Sampaloc,January ,2018,9:08,Sunny,NE,Green,28,3,,27.3,
1,Quiling,January ,2018,9:40,Sunny,NE,Green,27.5,7.9,,27.2,
1,San Isidro,January ,2018,8:27,Sunny,NE,Green,28,4.5,,27.2,
2,Buso-Buso,January ,2018,8:09,Sunny,SW,Green,27,2.9,,27.2,
2,Leviste,January ,2018,8:51,Sunny,SW,Green,26.5,2.1,,27.1,
3,Bañaga,January ,2018,7:43,Sunny,NE,Green,26.5,3.4,,27.1,
3,Manalaw,January ,2018,7:29,Sunny,NE,Green,26,3.3,,26.8,
4,Mataas na Kahoy,January ,2018,,,,,,,,,
5,Tanauan,January ,2018,6:27,Cold,NE,Green,24.5,6.1,,26.2,
1,Sampaloc,February,2018,7:06,Cloudy,NE,Green,24,4.5,,26.2,
1,Quiling,February,2018,6:42,Cloudy,NE,Green,24,6.2,,26.2,
1,San Isidro,February,2018,7:51,Cloudy,NE,Green,24.5,3.4,,26.3,
2,Buso-Buso,February,2018,8:15,Cloudy,NE,Green,24.5,5.2,,26.6,
2,Leviste,February,2018,7:29,Cloudy,NE,Green,24.5,3.3,,26.3,
3,Ba�aga,February,2018,8:31,Cloudy,NE,Green,24.5,4.5,,29.9,
3,Manalaw,February,2018,8:48,Cloudy,NE,Green,24,4.3,,26.8,
4,Mataas na Kahoy,February,2018,,,,,,,,,
5,Tanauan,February,2018,9:44,Cloudy,NE,Green,25,5.4,,26.8,
1,Sampaloc,March,2018,7:05,Sunny,NE,Green,27,3,,27,
1,Quiling,March,2018,6:39,Sunny,NE,Green,26,3.9,,26.4,
1,San Isidro,March,2018,9:30,Sunny,NE,Green,28,2.9,,27.8,
2,Buso-Buso,March,2018,7:55,Sunny,NE,Green,26.5,3.2,,26.5,
2,Leviste,March,2018,7:29,Sunny,NE,Green,27,3.1,,28.2,
3,Ba�aga,March,2018,8:16,Sunny,NE,Green,27,2.5,,28.2,
3,Manalaw,March,2018,8:31,Sunny,NE,Green,27.5,2.2,,27.5,
4,Mataas na Kahoy,March,2018,,,,,,,,,
5,Tanauan,March,2018,9:50,Sunny,NE,Green,28,4,,27.3,
1,Sampaloc,April,2018,9:17,Sunny,SE,Green,28,2.3,,27.5,563
1,Quiling,April,2018,9:45,Cloudy,SE,Green,28,2.3,,27.4,400
1,San Isidro,April,2018,8:38,Sunny,SE,Green,27,2.5,,27.3,263
2,Buso-Buso,April,2018,8:16,Cloudy,SE,Green,27,3.1,,27.7,170
2,Leviste,April,2018,8:58,Sunny,SE,Green,27,2.6,,27.6,290
3,Ba�aga,April,2018,8:02,Cloudy,SE,Green,26,3,,27.8,323
3,Manalaw,April,2018,7:44,Cloudy,SE,Green,26,2.5,,27.5,237
4,Mataas na Kahoy,April,2018,,,,,,,,,
5,Tanauan,April,2018,6:50,Cloudy,SW,Green,24,2.4,,26.3,207
1,Sampaloc,May,2018,7:14,Sunny,NE,Green,29,2.5,,27.2,130
1,Quiling,May,2018,6:26,Sunny,NE,Green,28,2.7,,27.2,287
1,San Isidro,May,2018,8:19,Sunny,NE,Green,30,2.5,,28.4,153
2,Buso-Buso,May,2018,8:40,Sunny,NE,Green,30,2.4,,28.6,133
2,Leviste,May,2018,7:38,Sunny,NE,Green,29.5,2.5,,28.9,130
3,Ba�aga,May,2018,8:57,Sunny,NE,Green,30,2.2,,30.4,143
3,Manalaw,May,2018,9:23,Sunny,NE,Green,30.5,2.2,,28.6,117
4,Mataas na Kahoy,May,2018,10:23,Sunny,NE,Green,32,2.9,,27.4,93
5,Tanauan,May,2018,10:49,Sunny,NE,Green,32,2.4,,28.8,170
1,Sampaloc,June,2018,9:18,Sunny,NE,Green,31,2.5,,27.7,
1,Quiling,June,2018,9:45,Sunny,NE,Green,31,1.8,,29.5,
1,San Isidro,June,2018,8:40,Sunny,NE,Green,30,1.9,,28.8,
2,Buso-Buso,June,2018,8:22,Sunny,NE,Green,30.5,2.6,,29.8,
2,Leviste,June,2018,9:00,Sunny,NE,Green,30,3.1,,30.3,
3,Ba�aga,June,2018,8:10,Sunny,SW,Green,30,2.9,,30.6,
3,Manalaw,June,2018,7:52,Sunny,NE,Green,29,3.1,,30.5,
4,Mataas na Kahoy,June,2018,7:10,Sunny,SW,Green,28,1.5,,27.3,
5,Tanauan,June,2018,6:37,Sunny,NE,Green,28,2,,27.8,
1,Sampaloc,July,2018,8:54,Sunny,SW,Green,30,2.8,,27.8,
1,Quiling,July,2018,9:19,Sunny,SW,Green,30,2.5,,29.8,
1,San Isidro,July,2018,8:13,Sunny,SW,Green,29,2.2,,27.7,
2,Buso-Buso,July,2018,7:53,Sunny,SW,Green,29.5,3.5,,28,
2,Leviste,July,2018,8:36,Sunny,SW,Green,29,2,,29.6,
3,Ba�aga,July,2018,7:38,Sunny,SW,Green,29,2.5,,29.6,
3,Manalaw,July,2018,7:17,Sunny,SW,Green,28,2.5,,28.1,
4,Mataas na Kahoy,July,2018,6:38,Sunny,SW,Green,28,2.3,,27.4,
5,Tanauan,July,2018,6:13,Sunny,SW,Green,28,2.4,,27.8,
1,Sampaloc,August,2018,9:24,Cloudy,SW,Dark Green ,28,2.9,,29.1,
1,Quiling,August,2018,9:51,Partly Cloudy,SW,Green,29,3.1,,29,
1,San Isidro,August,2018,8:38,Sunny,SW,Dark Green ,28,3.1,,27.4,
2,Buso-Buso,August,2018,8:15,Fair,SW,Green,28,4.3,,28.8,
2,Leviste,August,2018,9:00,Fair,SW,Green,29,3.9,,28.5,
3,Ba�aga,August,2018,8:03,Partly Cloudy,SW,Green,28,3.1,,29.6,
3,Manalaw,August,2018,7:45,Partly Cloudy,SE,Green,28,2.9,,29,
4,Mataas na Kahoy,August,2018,7:06,Cloudy,NE,Green,26,2.1,,27.2,
5,Tanauan,August,2018,6:38,Cloudy,NE,Green,26,3.2,,27,
1,Sampaloc,September,2018,9:58,Cloudy,SE,Green,28,2.7,,27.5,
1,Quiling,September,2018,7:00,Sunny,SW,Green,26,2.6,,28.5,
1,San Isidro,September,2018,9:18,Sunny,SW,Green,28,2.9,,29.1,
2,Buso-Buso,September,2018,8:57,Sunny,SW,Green,28,3.1,,29.1,
2,Leviste,September,2018,9:41,Cloudy,SW,Green,29,2.1,,29.2,
3,Ba�aga,September,2018,8:42,Cloudy,SW,Green,28,3.2,,28.8,
3,Manalaw,September,2018,8:22,Cloudy,SW,Green,28,2.9,,29,
4,Mataas na Kahoy,September,2018,7:45,Sunny,SW,Green,27,3,,27,
5,Tanauan,September,2018,6:30,Cloudy,SW,Green,27,3,,27,
1,Sampaloc,October,2018,9:57,Cloudy,SW,Green,29,3,,27.4,
1,Quiling,October,2018,6:55,Cloudy,SW,Green,26,2.7,,28.2,
1,San Isidro,October,2018,9:14,Sunny,SW,Green,30,2.6,,28.8,
2,Buso-Buso,October,2018,8:54,Sunny,SW,Green,28,2.9,,28.2,
2,Leviste,October,2018,9:38,Cloudy,SW,Green,29,2.93.0,,29.2,
3,Ba�aga,October,2018,8:37,Sunny,SW,Green,28,2.6,,29.4,
3,Manalaw,October,2018,8:19,Sunny,SW,Green,28,3.8,,29.3,
4,Mataas na Kahoy,October,2018,7:39,Sunny,SW,Green,26.5,2.8,,27.2,
5,Tanauan,October,2018,6:34,Sunny,SW,Green,26.5,2.4,,27,
1,Sampaloc,November,2018,9:11,Cloudy,NE,Brownish / Green,28,3.2,,27.2,420
1,Quiling,November,2018,9:38,Cloudy,NE,Green,27,3.3,,29,747
1,San Isidro,November,2018,8:22,Sunny,NE,Brownish / Green,30.5,3.3,,28.2,410
2,Buso-Buso,November,2018,8:02,Sunny,NE,Green,28.6,3.9,,28.7,300
2,Leviste,November,2018,8:48,Cloudy,NE,Green,28.9,3.1,,29.2,287
3,Ba�aga,November,2018,7:44,Sunny,NE,Green,27,4.1,,29.4,300
3,Manalaw,November,2018,7:24,Sunny,NE,Green,27.5,3.1,,29.2,297
4,Mataas na Kahoy,November,2018,6:44,Sunny,NE,Green,26,3.4,,27.8,313
5,Tanauan,November,2018,6:13,Sunny,NE,Green,25.6,4.7,,27,407
1,Sampaloc,December ,2018,6:47,Cloudy,NE,Green,27,4.4,,27.5,430
1,Quiling,December ,2018,6:16,Cloudy,NE,Green,25.5,6,,29.6,300
1,San Isidro,December ,2018,7:43,Cloudy,NE,Green,26,2.9,,27.9,350
2,Buso-Buso,December ,2018,8:05,Cloudy,NE,Green,27,3,,28,357
2,Leviste,December ,2018,7:16,Cloudy,NE,Green,26,3.4,,28,407
3,Ba�aga,December ,2018,8:22,Cloudy,NE,Green,27,2.9,,28,327
3,Manalaw,December ,2018,8:40,Cloudy,NE,Green,27.5,3.1,,28,320
4,Mataas na Kahoy,December ,2018,9:25,Cloudy,NE,Green,28,4.4,,27.2,413
5,Tanauan,December ,2018,9:53,Rainy,NE,Green,27.5,4.5,,27.2,383
1,Sampaloc,January ,2019,8:12,Cloudy,NE,Green,25,4.6,,26.4,110
1,Quiling,January ,2019,8:43,Sunny,NE,Green,26,6.1,,26.8,60
2,Buso-Buso,January ,2019,7:14,Cloudy,NE,Green,25,4,,26.8,343
2,Leviste,January ,2019,7:47,Cloudy,NE,Green,23,3.9,,26.8,400
3,Ba�aga,January ,2019,6:55,Cloudy,NE,Green,25.5,3.9,,26.7,430
3,Manalaw,January ,2019,6:34,Cloudy,NE,Green,25,3.1,,26.5,413
4,Mataas na Kahoy,January ,2019,,,,,,,,,
5,Tanauan,January ,2019,9:06,Sunny,NE,Green,25.5,4.5,,26.3,247
1,Sampaloc,February,2019,8:29,Sunny,NE,Green,26,4.2,,26.8,320
1,Quiling,February,2019,8:56,Sunny,NE,Green,26,5.1,,26.7,417
1,San Isidro,February,2019,6:30,Fair,NE,Dark Green,24,3.6,,26.1,113
2,Buso-Buso,February,2019,6:56,Sunny,NE,Dark Green,25,3.1,,26.8,203
2,Leviste,February,2019,8:07,Sunny,NE,Green,25.5,3.9,,26.8,153
3,Ba�aga,February,2019,7:13,Sunny,NE,Dark Green,25,3.5,,26.8,233
3,Manalaw,February,2019,7:30,Sunny,NE,Dark Green,25,2.9,,26.9,240
4,Mataas na Kahoy,February,2019,,,,,,,,,
5,Tanauan,February,2019,9:16,Cloudy,NE,Green,26,4.8,,26.7,487
1,Sampaloc,March,2019,9:01,Cloudy,NE,Green,25.5,2.4,,26.4,163
1,Quiling,March,2019,9:24,Cloudy,NE,Green,27,3.3,,26.8,143
1,San Isidro,March,2019,8;41,Cloudy,NE,Green,27,1.8,,27,133
2,Buso-Buso,March,2019,7:58,Cloudy,NE,Green,27,2.3,,26.7,150
2,Leviste,March,2019,8:17,Cloudy,NE,Green,27,2.8,,26.8,140
3,Ba�aga,March,2019,7:43,Partly Cloudy,NE,Green,26,2.5,,27.1,130
3,Manalaw,March,2019,7:23,Fair ,NE,Green,26.5,2.4,,27.2,150
4,Mataas na Kahoy,March,2019,6:46,Fair ,NE,Green,24.8,2.6,,26.4,157
5,Tanauan,March,2019,6:21,Fair ,SE,Green,24.5,2.7,,26.3,163
1,Sampaloc,April,2019,8:45,Sunny,NE,Green,31,2.3,,27.2,243
1,Quiling,April,2019,9:09,Sunny,NE,Green,30,3.3,,27.8,233
1,San Isidro,April,2019,8:03,Sunny,NE,Green,29,2.4,,26.8,153
2,Buso-Buso,April,2019,7:42,Sunny,NE,Green,29,2.3,,27.1,163
2,Leviste,April,2019,8:27,Sunny,NE,Green,30,2.2,,28,257
3,Ba�aga,April,2019,7:27,Sunny,NE,Green,29,2.3,,28.9,173
3,Manalaw,April,2019,7:08,Sunny,NE,Green,29,1.9,,29.5,250
4,Mataas na Kahoy,April,2019,6:29,Sunny,NE,Green,28,3.2,,26.8,293
5,Tanauan,April,2019,6:07,Fair ,NE,Green,26,2.5,,26.5,217
1,Sampaloc,May,2019,8:32,Sunny,SE,Green,30,1.9,,27.8,200
1,Quiling,May,2019,8:55,Sunny,SE,Green,30,2.01,,28.8,177
1,San Isidro,May,2019,7:51,Sunny,SE,Green,30,1.9,,27.3,137
2,Buso-Buso,May,2019,7:34,Sunny,SW,Green,29,2.1,,27.9,197
2,Leviste,May,2019,8:15,Sunny,SE,Green,31,1.6,,29.2,187
3,Ba�aga,May,2019,7:21,Sunny,SW,Green,30,1.7,,29.8,150
3,Manalaw,May,2019,7:05,Partly Cloudy,SW,Green,29,2.1,,29.8,230
4,Mataas na Kahoy,May,2019,6:28,Sunny,NE,Green,28,1.7,,27,97
5,Tanauan,May,2019,6:04,Fair ,NE,Green,28,1.9,,26.8,113
1,Sampaloc,June,2019,5:47,Fair ,SW,Green,27,2.4,,27,150
1,Quiling,June,2019,5:28,Fair ,SW,Green,26,2.3,,26.8,143
1,San Isidro,June,2019,6:27,Partly Cloudy,SW,Green,27,2.4,,27.1,127
2,Buso-Buso,June,2019,6:48,Sunny,SW,Green,28,2.9,,27.8,120
2,Leviste,June,2019,6:06,Partly Cloudy,SW,Green,26,2.8,,30.8,157
3,Ba�aga,June,2019,7:03,Sunny,SW,Green,29,3.2,,31,150
3,Manalaw,June,2019,7:20,Sunny,SW,Green,28.5,3,,31.1,220
4,Mataas na Kahoy,June,2019,7:56,Sunny,SW,Green,30,2.8,,27.7,173
5,Tanauan,June,2019,8:20,Sunny,SW,Green,30,2.6,,28.1,373
1,Sampaloc,July,2019,9:06,Sunny,SW,Green,30,3.2,,28.1,107
1,Quiling,July,2019,9:31,Sunny,SW,Green,30,3.1,,27.8,267
1,San Isidro,July,2019,8:27,Sunny,SW,Green,30.5,2.6,,29,120
2,Buso-Buso,July,2019,8:25,Sunny,SW,Green,31,2.1,,30.8,103
2,Leviste,July,2019,8:48,Partly Cloudy,SW,Green,30.5,2.7,,30.8,87
3,Ba�aga,July,2019,7:50,Sunny,SW,Green,30,2.2,,30.8,117
3,Manalaw,July,2019,7:30,Sunny,SW,Green,30,2.7,,30.5,110
4,Mataas na Kahoy,July,2019,6:54,Sunny,SW,Green,29,2.8,,27.2,73
5,Tanauan,July,2019,6:29,Sunny,SW,Green,31,3.3,,27,77
1,Sampaloc,August,2019,7:15,Cloudy,SW,Dark Green,29,3.4,,28.7,
1,Quiling,August,2019,6:48,Cloudy,SW,Green,28,3.3,,28.8,
1,San Isidro,August,2019,7:59,Cloudy,SW,Green,28.5,3.2,,28.9,
2,Buso-Buso,August,2019,8:19,Cloudy,SW,Green,29,3.7,,28.7,
2,Leviste,August,2019,7:35,Cloudy,SW,Dark Green,29,3.8,,28.2,
3,Ba�aga,August,2019,8:41,Partly Cloudy,SW,Dark Green,29,3.3,,29,
3,Manalaw,August,2019,8:59,Cloudy,SW,Dark Green,29,3.4,,28.8,
4,Mataas na Kahoy,August,2019,,,,,,,,,
5,Tanauan,August,2019,,,,,,,,,
1,Sampaloc,September,2019,7:16,Cloudy,SW,Green,28.5,2.9,,28.8,
1,Quiling,September,2019,6:49,Cloudy,SW,Green,27,2.8,,27.8,
1,San Isidro,September,2019,7:56,Cloudy,SW,Green,28.5,3.1,,28.6,
2,Buso-Buso,September,2019,8:15,Partly Cloudy,SW,Green,29,3.4,,29,
2,Leviste,September,2019,7:36,Sunny,SW,Green,27,3.2,,28.8,
3,Ba�aga,September,2019,8:29,Cloudy,SW,Green,29.5,3,,29.4,
3,Manalaw,September,2019,8:45,Sunny,SW,Green,28,3.8,,29,
4,Mataas na Kahoy,September,2019,,,,,,,,,
5,Tanauan,September,2019,6:30,Cloudy,SW,Green,27,3,,28,
1,Sampaloc,October,2019,8:39,Cloudy,NE,Green,28,2.1,,28.4,
1,Quiling,October,2019,9:03,Partly Cloudy,NE,Green,29,3.8,,28.8,
1,San Isidro,October,2019,7:57,Sunny ,NE,Green,29,1.9,,28.8,
2,Buso-Buso,October,2019,7:37,Sunny ,NE,Green,29,2.3,,28.6,
2,Leviste,October,2019,8:18,Sunny ,NE,Green,29,2.2,,30,
3,Ba�aga,October,2019,7:21,Sunny ,NE,Green,28,2.8,,30.1,
3,Manalaw,October,2019,7:04,Sunny ,NE,Green,28,2.4,,28.9,
4,Mataas na Kahoy,October,2019,6:28,Fair ,NE,Green,26.5,5.6,,28.2,
5,Tanauan,October,2019,6:06,Fair ,NE,Green,27,3.5,,28.2,
1,Sampaloc,November,2019,9:20,Cloudy,NE,Green,28,2.2,,28.8,
1,Quiling,November,2019,9:50,Cloudy,NE,Green,29,2.4,,28.1,
1,San Isidro,November,2019,8:25,Cloudy,NE,Green,27,2.6,,28.5,
2,Buso-Buso,November,2019,8:00,Cloudy,NE,Green,27,2.9,,29,
2,Leviste,November,2019,9:00,Cloudy,NE,Green,28,2,,29.4,
3,Ba�aga,November,2019,7:42,Partly Cloudy,NE,Green,27,3.4,,28.9,
3,Manalaw,November,2019,7:23,Partly Cloudy,NE,Green,26.5,2.6,,29,
4,Mataas na Kahoy,November,2019,6:43,Cloudy,NE,Green,26,2.5,,28.8,
5,Tanauan,November,2019,6:18,Cloudy,NE,Green,26,2.2,,28.2,
1,Sampaloc,December ,2019,8:53,Partly Cloudy,NE,Green,28,3.3,,28.2,
1,Quiling,December ,2019,9:14,Sunny ,NE,Green,28,2.1,,27.8,
1,San Isidro,December ,2019,8:06,Partly Cloudy,NE,Green,27,3.9,,27.8,
2,Berinayan,December ,2019,8:37,Sunny ,NE,Green,27,3,,27.8,
2,Buso-Buso,December ,2019,7:47,Partly Cloudy,NE,Green,27,3.8,,28,
2,Leviste,December ,2019,8:27,Partly Cloudy,NE,Green,26,2.8,,28.1,
3,Ba�aga,December ,2019,7:32,Fair ,NE,Green,26,3.5,,28,
3,Manalaw,December ,2019,7:14,Fair ,NE,Green,26,3.1,,27.7,
4,Mataas na Kahoy,December ,2019,6:39,Cloudy,NE,Green,25,3.8,,27.5,
5,Tanauan,December ,2019,6:15,Cloudy,NE,Green,24.5,3.2,,27.3,
1,Sampaloc,January ,2020,,,,,,,,,
1,Quiling,January ,2020,,,,,,,,,
1,San Isidro,January ,2020,,,,,,,,,
2,Buso-Buso,January ,2020,,,,,,,,,
2,Leviste,January ,2020,,,,,,,,,
3,Ba�aga,January ,2020,,,,,,,,,
3,Manalaw,January ,2020,,,,,,,,,
4,Mataas na Kahoy,January ,2020,,,,,,,,,
5,Tanauan,January ,2020,,,,,,,,,
1,Aya,February,2020,8:05,Sunny,NE,Green,26,0.34,,26.2,
1,Sampaloc,February,2020,6:54,Partly Cloudy,NE,Green,25,0.29,,26.5,
1,Quiling,February,2020,7:55,Sunny,NE,Green,25,0.33,,26.2,
1,San Isidro,February,2020,,,,,,,,,
2,Buso-Buso,February,2020,,,,,,,,,
2,Leviste,February,2020,7:17,Partly Cloudy,NE,Green,25,0.3,,26.8,
3,Ba�aga,February,2020,,,,,,,,,
3,Manalaw,February,2020,,,,,,,,,
4,Mataas na Kahoy,February,2020,7:02,Fair,NE,Green,23,5.5,,26.2,
5,Tanauan,February,2020,6:37,Fair,NE,Green,24,6.3,,26.2,
5,Ambulong,February,2020,8:15,Sunny,NE,Green,26,0.34,,26.8,
1,Sampaloc,March,2020,9:11,Sunny,SE,Green,29,1.9,,27.4,
1,Quiling,March,2020,9:33,Sunny,SE,Green,29,0.4,,27.4,
1,San Isidro,March,2020,8:30,Sunny,SE,Green,29,0.35,,27.2,
2,Buso-Buso,March,2020,8:11,Partly Cloudy,SE,Green,28,1.9,,27.1,
2,Leviste,March,2020,8:53,Sunny,SE,Green,28,1.8,,27.2,
3,Ba�aga,March,2020,7:56,Cloudy,SE,Green,28,1.8,,28,
3,Manalaw,March,2020,7:39,Fair,NE,Yellow Green,28,2,,27.5,
4,Mataas na Kahoy,March,2020,6:59,Fair,NE,Green,26,3.4,,26.9,
5,Tanauan,March,2020,6:37,Cloudy,NE,Green,25,2.8,,26.8,
1,Sampaloc,April,2020,8:47,Sunny,NE,Green,30,1.7,,27.9,
1,Quiling,April,2020,9:09,Cloudy,NE,Green,30,2.3,,29.2,
1,San Isidro,April,2020,8:09,Sunny,NE,Green,29,2.2,,27.3,
2,Buso-Buso,April,2020,7:57,Sunny,NE,Green,29,2.3,,27.8,
2,Leviste,April,2020,8:30,Sunny,NE,Green,29,2.1,,29,
3,Ba�aga,April,2020,7:36,Sunny,NE,Green,28,2.2,,29.8,
3,Manalaw,April,2020,7:22,Sunny,NE,Green,28,1.7,,29.7,
4,Mataas na Kahoy,April,2020,6:47,Sunny,NE,Green,27,3.1,,26.9,
5,Tanauan,April,2020,6:25,Sunny,SW,Green,28,2.3,,27.3,
1,Sampaloc,May,2020,8:30,Sunny,SE,Green,30.5,2.1,,29.8,
1,Quiling,May,2020,8:55,Sunny,SE,Green,30,1.9,,29.6,
1,San Isidro,May,2020,8:14,Sunny,NE,Green,29.5,1.7,,29.6,
2,Buso-Buso,May,2020,7:32,Sunny,SE,Green,30,1.8,,29.2,
2,Leviste,May,2020,7:51,Sunny,NE,Green,30,1.7,,28.3,
3,Ba�aga,May,2020,7:17,Sunny,SE,Green,31,2,,28.9,
3,Manalaw,May,2020,7:01,Fair,NE,Green,29,2.1,,29.5,
4,Mataas na Kahoy,May,2020,6:24,Fair,NE,Green,28,1.8,,28,
5,Tanauan,May,2020,6:01,Partly Cloudy,NE,Green,29,1.6,,27.8,
1,Sampaloc,June,2020,8:35,Sunny,NE,Green,30,2.4,,27.8,
1,Quiling,June,2020,8:59,Sunny,NE,Green,30,2.3,,29,
1,San Isidro,June,2020,7:54,Sunny,NE,Green,29.5,2.3,,28.3,
2,Buso-Buso,June,2020,7:31,Sunny,NE,Green,29.5,2.6,,28.8,
2,Leviste,June,2020,8:16,Sunny,NE,Green,30,2.4,,29.9,
3,Ba�aga,June,2020,7:17,Sunny,NE,Green,29,2.9,,30.4,
3,Manalaw,June,2020,7:02,Sunny,NE,Green,29,2.1,,31,
4,Mataas na Kahoy,June,2020,6:24,Fair,NE,Green,29,2.9,,28.8,
5,Tanauan,June,2020,6:03,Fair,NE,Green,29,3.1,,30.5,
1,Sampaloc,July,2020,8:28,Sunny,SE,Green,30,2.1,,29.2,
1,Quiling,July,2020,8:50,Sunny,NE,Green,30,1.9,,30.6,
1,San Isidro,July,2020,7:57,Sunny,NE,Green,29,2.4,,28.4,
2,Buso-Buso,July,2020,7:33,Sunny,NE,Green,29,2.8,,29.3,
2,Leviste,July,2020,8:11,Sunny,SE,Green,31,2.3,,30.8,
3,Ba�aga,July,2020,7:20,Sunny,NE,Green,29,2.4,,30.4,
3,Manalaw,July,2020,7:03,Sunny,NE,Green,29,3.1,,28.4,
4,Mataas na Kahoy,July,2020,6:28,Sunny,NE,Green,28,2.9,,29.2,
5,Tanauan,July,2020,6:05,Sunny,NE,Green,28,2.6,,28.6,
1,Sampaloc,August,2020,9:13,Cloudy,SE,Green,30,1.8,,27.2,
1,Quiling,August,2020,,,,,,,,,
1,San Isidro,August,2020,8:21,Sunny,SW,Green,29,3.8,,27.4,
2,Buso-Buso,August,2020,7:51,Sunny,SE,Green,29,2.5,,27.3,
2,Leviste,August,2020,8:43,Partly Sunny,NE,Green,29.5,1.7,,30.2,
3,Ba�aga,August,2020,7:36,Sunny,NE,Green,29,2.1,,27.3,
3,Manalaw,August,2020,7:18,Partly Sunny,NE,Green,27,2.1,,30.8,
4,Mataas na Kahoy,August,2020,6:43,Fair,NE,Green,27,4.9,,27.1,
5,Tanauan,August,2020,6:16,Fair,NE,Green,27,2.3,,26.9,
1,Sampaloc,September,2020,8:26,Sunny,NE,Green,30,2.2,,29,
1,Quiling,September,2020,8:49,Sunny,NE,Green,30,2,,30.8,
1,San Isidro,September,2020,7:47,Sunny,NE,Green,28,2,,28.2,
2,Buso-Buso,September,2020,7:27,Fair,NE,Green,28,2.1,,29,
2,Leviste,September,2020,8:08,Sunny,NE,Green,29,2.1,,30.9,
3,Ba�aga,September,2020,7:13,Partly Sunny,NE,Green,28,2.4,,30.4,
3,Manalaw,September,2020,6:57,Cloudy,NE,Green,27,2.5,,30.7,
4,Mataas na Kahoy,September,2020,6:24,Cloudy,NE,Green,27,2.6,,27.8,
5,Tanauan,September,2020,6:01,Cloudy,NE,Green,27,2.3,,29.6,
1,Sampaloc,October,2020,6:34,Sunny,NE,Green,29,1.9,,29.2,
1,Quiling,October,2020,6:10,Fair,NE,Green,27,2.4,,29.9,
1,San Isidro,October,2020,7:14,Sunny,NE,Yelow Green,29,1.2,,28.7,
2,Buso-Buso,October,2020,7:33,Sunny,NE,Yelow Green,29,1.5,,30.6,
2,Leviste,October,2020,6:53,Sunny,NE,Green,28,1.7,,31.2,
3,Ba�aga,October,2020,7:47,Sunny,NE,Yelow Green,29.5,2,,31.2,
3,Manalaw,October,2020,8:04,Cloudy,NE,Green,29,2,,31.3,
4,Mataas na Kahoy,October,2020,8:56,Sunny,NE,Ligth Green,30,3.3,,28.8,
5,Tanauan,October,2020,9:57,Cloudy,NE,Yelow Green,30,1.5,,31.1,
1,Sampaloc,November,2020,8:38,Sunny,NE,Green,28.5,3.4,,28.5,
1,Quiling,November,2020,9:05,Sunny,NE,Green,29,4.1,,29,
1,San Isidro,November,2020,7:53,Partly Sunny,NE,Green,27,2.7,,27,
2,Buso-Buso,November,2020,7:31,Sunny,NE,Green,27.5,2.9,,27.5,
2,Leviste,November,2020,8:17,Sunny,NE,Green,28.5,3.3,,28.5,
3,Ba�aga,November,2020,7:17,Sunny,NE,Green,27,3.2,,27,
3,Manalaw,November,2020,7:01,Sunny,NE,Green,27,2.7,,27,
4,Mataas na Kahoy,November,2020,6:24,Fair,NE,Green,25,4.6,,25,
5,Tanauan,November,2020,6:12,Fair,NE,Green,25.5,3.8,,25.5,
1,Sampaloc,December ,2020,6:59,Sunny,NE,Green,28,3.9,,28,
1,Quiling,December ,2020,7:22,Sunny,NE,Green,27,4.1,,27,
1,San Isidro,December ,2020,,,,,,,,,
2,Buso-Buso,December ,2020,,,,,,,,,
2,Leviste,December ,2020,6:34,Fair,NE,Green,26.5,3.1,,26.5,
3,Ba�aga,December ,2020,,,,,,,,,
3,Manalaw,December ,2020,,,,,,,,,
4,Mataas na Kahoy,December ,2020,8:01,Sunny,NE,Green,27,3.8,,27,
5,Tanauan,December ,2020,7:41,Sunny,NE,Dark Green,26.5,4.8,,26.5,
1,Sampaloc,January ,2021,7:30,Cloudy,NE,Green,21,4.9,,26.8,
1,Quiling,January ,2021,7:53,Cloudy / Rain Shower,NE,Green,26,6.1,,26.8,
1,San Isidro,January ,2021,,,,,,,,,
2,Buso-Buso,January ,2021,,,,,,,,,
2,Leviste,January ,2021,,,,,,,,,
3,Ba�aga,January ,2021,,,,,,,,,
3,Manalaw,January ,2021,,,,,,,,,
4,Mataas na Kahoy,January ,2021,8:13,Fair,NE,Green,26,4.8,,26.8,
5,Tanauan,January ,2021,8:34,Partly Cloudy,NE,Green,25.5,7.4,,26.8,
1,Sampaloc,February,2021,7:33,Cloudy / Rain Shower,NE,Green,26,5.2,,26.5,
1,Quiling,February,2021,8:07,Rainy,NE,Green,24.5,5.5,,26.2,
1,San Isidro,February,2021,,,,,,,,,
2,Buso-Buso,February,2021,8:46,Sunny ,NE,Green,26,2,,27.8,
2,Leviste,February,2021,7:09,Cloudy,NE,Green,25.5,4.9,,26.3,
3,Ba�aga,February,2021,8:30,Sunny ,NE,Green,25.5,2.2,,27.4,
3,Manalaw,February,2021,8:13,Sunny ,NE,Green,26,2,,27.5,
4,Mataas na Kahoy,February,2021,7:26,Fair,NE,Green,25,7.1,,26.2,
5,Tanauan,February,2021,7:06,Fair,NE,Green,25,4.1,,26.5,
1,Sampaloc,March,2021,8:10,Sunny ,NE,Green,29,2.8,,28.1,
1,Quiling,March,2021,8:34,Sunny ,NE,Green,28,2.4,,27.2,
1,San Isidro,March,2021,,,,,,,,,
2,Buso-Buso,March,2021,,,,,,,,,
2,Leviste,March,2021,7:48,Sunny,NE,Green,29,3.1,,27.2,
3,Ba�aga,March,2021,,,,,,,,,
3,Manalaw,March,2021,,,,,,,,,
4,Mataas na Kahoy,March,2021,7:00,Fair,NE,Green,25,2.9,,27,
5,Tanauan,March,2021,6:28,Fair,NE,Green,26,3.9,,26.9,
1,Sampaloc,April,2021,10:42,Sunny,NE,Green,30.5,2.5,,28,
1,Quiling,April,2021,7:02,Partly Cloudy,NE,Green,28,2.1,,28.1,
1,San Isidro,April,2021,9:00,Partly Cloudy,SW,Green,30,2.1,,28,
2,Buso-Buso,April,2021,7:57,Sunny,NE,Green,32,1.5,,29,
2,Leviste,April,2021,10:18,Sunny,NE,Green,28,2,,28.5,
3,Ba�aga,April,2021,7:06,Partly Cloudy,NE,Green,31,1.9,,28.7,
3,Manalaw,April,2021,6:38,Cloudy,NE,Green,27,2.6,,27.7,
4,Mataas na Kahoy,April,2021,7:53,Sunny,SW,Green,28,2.4,,27.3,
5,Tanauan,April,2021,7:20,Fair,SW,Green,29,1.9,,27.8,
1,Sampaloc,May,2021,8:08,Partly Cloudy,NE,Green,29,1.9,,28.7,
1,Quiling,May,2021,8:30,Partly Cloudy,NE,Green,29,2,,28.5,
1,San Isidro,May,2021,,,,,,,,,
2,Buso-Buso,May,2021,7:28,Partly Cloudy,NE,Green,28,1.7,,28.2,
2,Leviste,May,2021,7:51,Partly Cloudy,NE,Green,29,1.6,,29.4,
3,Ba�aga,May,2021,7:14,Partly Cloudy,NE,Green,28,1.5,,28.7,
3,Manalaw,May,2021,6:58,Partly Cloudy,NE,Green,28,1.7,,29.6,
4,Mataas na Kahoy,May,2021,6:28,Cloudy,NE,Green,27,3.2,,27.5,
5,Tanauan,May,2021,6:08,Cloudy,NE,Green,26,2.5,,27.2,
1,Sampaloc,June,2021,9:28,Partly Cloudy,SW,Yellow Green ,30.5,1.3,,28.8,
1,Quiling,June,2021,9:59,Cloudy,SW,Yellow Green ,30,1.7,,29.3,
1,San Isidro,June,2021,8:25,Cloudy,SW,Yellow Green ,29,1.1,,29.1,
2,Buso-Buso,June,2021,8:06,Partly Cloudy,SW,Yellow Green ,29,1.2,,29.4,
2,Leviste,June,2021,8:46,Partly Cloudy,SW,Light Yellow Green ,29,1.2,,30,
3,Ba�aga,June,2021,7:52,Cloudy,SW,Yellow Green ,28,1.5,,29.8,
3,Manalaw,June,2021,7:29,Fair,SW,Yellow Green ,28.5,1.5,,30.5,
4,Mataas na Kahoy,June,2021,6:27,Cloudy,SW,Yellow Green ,27,1.4,,28.4,
5,Tanauan,June,2021,6:07,Cloudy,SW,Yellow Green ,27,1.2,,28.3,
1,Sampaloc,July,2021,7:02,Fair,SE,Dark Green,26.5,2.2,50,28.2,
1,Quiling,July,2021,7:30,Partly Sunny,SE,Green,26,2.2,37.1,29.4,
1,San Isidro,July,2021,,,,,,,,,
2,Buso-Buso,July,2021,,,,,,,,,
2,Leviste,July,2021,6:43,Partly Cloudy,SE,Green,25,2.1,29.8,29.3,
3,Ba�aga,July,2021,,,,,,,,,
3,Manalaw,July,2021,,,,,,,,,
4,Mataas na Kahoy,July,2021,8:50,Sunny,NE,Green,31.5,1.95,50,28.5,
5,Tanauan,July,2021,7:42,Partly Sunny,SE,Dark Green,27.5,2.1,30.8,28.4,
1,Sampaloc,August,2021,8:47,Mostly Cloudy,SW,Green,28,2.3,50,29,
1,Quiling,August,2021,9:11,Cloudy,SW,Green,28,2.9,35.5,29.8,
1,San Isidro,August,2021,8:07,Cloudy,NE,Green,28,2.5,50,28.8,
2,Buso-Buso,August,2021,7:45,Cloudy,NW,Green,27.5,1.9,49.9,29.6,
2,Leviste,August,2021,8:30,Cloudy,SW,Green,28,2.2,32.9,28.9,
3,Ba�aga,August,2021,7:30,Cloudy,NW,Green,27,1.8,34.7,28.9,
3,Manalaw,August,2021,7:10,Cloudy,NW,Green,27,2.1,28.6,28.8,
4,Mataas na Kahoy,August,2021,6:34,Cloudy,NW,Green,27,2.7,50,28.8,
5,Tanauan,August,2021,6:14,Cloudy,NW,Green,27.5,2.9,50,28.6,
1,Sampaloc,September,2021,8:44,Cloudy,NE,Green,27,2.3,50,28.8,
1,Quiling,September,2021,9:07,Cloudy,NE,Green,26.5,2.6,32,29,
1,San Isidro,September,2021,8:02,Cloudy,NE,Light Green,26.5,2.1,50,28.8,
2,Buso-Buso,September,2021,8:27,Sunny,NE,Green,28.8,2.8,28.8,29.2,
2,Leviste,September,2021,8:24,Cloudy,NE,Light Green,27,2.2,29,28.9,
3,Ba�aga,September,2021,8:09,Sunny,NE,Green,28.5,3.7,28.5,29.2,
3,Manalaw,September,2021,7:50,Sunny,NE,Green,27.9,3.1,27.9,29.5,
4,Mataas na Kahoy,September,2021,7:13,Fair,NE,Green,27,2.8,50,28.8,
5,Tanauan,September,2021,7:33,Cloudy,NE,Light Green,26,2.8,50,28.5,
1,Sampaloc,October,2021,12:05,Cloudy,NE,Green,28,1.8,50,28,
1,Quiling,October,2021,6:29,Sunny,NE,Dark Green,29,3.2,39,28.9,
1,San Isidro,October,2021,,,,,,,,,
2,Buso-Buso,October,2021,10:09,Cloudy,NE,Green,27,2.4,28.8,29.5,
2,Leviste,October,2021,11:49,Cloudy,NE,Green,29,1.5,34,29,
3,Ba�aga,October,2021,9:44,Cloudy,NE,Green,27,2.2,28.5,29.3,
3,Manalaw,October,2021,8:28,Cloudy,NE,Green,28.5,2.9,27.9,29,
4,Mataas na Kahoy,October,2021,8:44,Sunny ,NE,Green,28.5,2.9,50,28.9,
5,Tanauan,October,2021,6:58,Sunny ,NE,Green,29.5,3.9,50,28.9,
1,Sampaloc,November,2021,11:50,Cloudy,NE,Green,28.5,2.2,50,27.7,
1,Quiling,November,2021,6:23,Cloudy,E,Green,25,4.1,33,28.2,
1,San Isidro,November,2021,,,,,,,,,
2,Buso-Buso,November,2021,9:40,Sunny,NE,Green,30,2.8,57,28.8,
2,Leviste,November,2021,11:03,Sunny,NE,Green,29,1.9,32,28,
3,Ba�aga,November,2021,9:16,Sunny,NE,Green,29,2.9,34,28.8,
3,Manalaw,November,2021,7:38,Partly Cloudy,NE,Green,29,2.7,50,27.8,
4,Mataas na Kahoy,November,2021,8:03,Partly Cloudy,NE,Green,28,4.8,50,28.2,
5,Tanauan,November,2021,8:35,Partly Cloudy,NE,Green,28,4.7,50,28.8,
1,Sampaloc,December ,2021,10:55,Sunny,NE,Green,28,4.1,50,26.9,
1,Quiling,December ,2021,11:35,Sunny,NE,Green,29,,,26.8,
1,San Isidro,December ,2021,,,,,,,,,
2,Buso-Buso,December ,2021,,,,,,,,,
2,Leviste,December ,2021,,,,,,,,,
3,Ba�aga,December ,2021,9:50,Sunny,NE,Green,27,3.8,18,26.9,
3,Manalaw,December ,2021,,,,,,,,,
4,Mataas na Kahoy,December ,2021,,,,,,,,,
5,Tanauan,December ,2021,11:56,Sunny,NE,Green,27,,,29.2,
1,Sampaloc,January ,2022,8:30,Sunny,ENE,Dark Green,27.5,3.3,30,26.8,
1,Quiling,January ,2022,7:52,Fair,NE,Dark Green,27.5,5.3,50,26.8,
1,San Isidro,January ,2022,,,,,,,,,
2,Buso-Buso,January ,2022,10:03,Sunny,NE,Dark Green,26.7,3.9,50,26.9,
2,Leviste,January ,2022,11:53,Sunny,ENE,Dark Green,27.5,2.9,31,26.8,
3,Bañaga,January ,2022,9:36,Sunny,NE,Dark Green,25.8,3.2,39,26.8,
3,Manalaw,January ,2022,7:56,Fair,NE,Dark Green,25.5,3.1,50,26.5,
4,Mataas na Kahoy,January ,2022,6:57,Cloudy,NE,Dark Green,24.9,8.9,50,26.2,
5,Tanauan,January ,2022,6:57,Fair,NE,Dark Green,25.8,4.5,50,26.5,
1,Sampaloc,February,2022,7:51,Sunny,E,Green,26.5,2.4,50,26.8,
1,Quiling,February,2022,8:14,Sunny,E,Green,27,2.4,28,26.9,
1,San Isidro,February,2022,7:09,Fair,ENE,Green,27,1.8,50,26.9,
2,Buso-Buso,February,2022,8:20,Sunny,SE,Green,27,1.9,50,27.3,
2,Leviste,February,2022,7:32,Sunny,E,Green,25.5,1.9,30,26.9,
3,Ba�aga,February,2022,8:05,Sunny,SE,Green,27,2.1,35,27.3,
3,Manalaw,February,2022,7:48,Partly Cloudy,E,Green,25.3,2.3,29,27,
4,Mataas na Kahoy,February,2022,7:14,Partly Cloudy,SE,Green,25,4.3,50,26.5,
5,Tanauan,February,2022,6:51,Sunny,SE,Green,25,4.6,50,26.5,
1,Sampaloc,March,2022,7:16,Sunny,ENE,Green,28.3,2.1,50,27.4,
1,Quiling,March,2022,7:37,Sunny,ENE,Green,31.5,2.2,28,27.4,
1,San Isidro,March,2022,8:24,Sunny,ENE,Green,28,1.8,50,27.3,
2,Buso-Buso,March,2022,8:06,Partly Cloudy,ENE,Green,27,2.2,49,27,
2,Leviste,March,2022,6:55,Partly Cloudy,ENE,Green,25.9,2.2,29,27,
3,Ba�aga,March,2022,7:52,Sunny,E,Green,27,2.1,33,27.3,
3,Manalaw,March,2022,7:36,Sunny,E,Green,27,2.3,34,27.3,
4,Mataas na Kahoy,March,2022,6:58,Sunny,NE,Green,26,1.7,50,27.1,
5,Tanauan,March,2022,7:58,Sunny,ENE,Green,29.9,2.4,50,27.4,
1,Sampaloc,April,2022,7:48,Mostly Cloudy,ENE,Green,28.8,2.2,50,27.3,
1,Quiling,April,2022,8:23,Mostly Cloudy,E,Green,28.2,2.9,28,27.3,
1,San Isidro,April,2022,7:11,Sunny,ENE,Green,29.5,2.1,50,28,
2,Buso-Buso,April,2022,8:05,Sunny,ENE,Green,32,2.5,50,27.4,
2,Leviste,April,2022,7:36,Sunny,ENE,Green,29,2.2,30,27.6,
3,Ba�aga,April,2022,7:51,Sunny,ENE,Green,28.8,3.1,37,27.7,
3,Manalaw,April,2022,7:35,Sunny,ENE,Green,28,2.9,33,27.9,
4,Mataas na Kahoy,April,2022,6:59,Partly Sunny,ENE,Green,27.5,3.2,50,28,
5,Tanauan,April,2022,8:44,Sunny,ENE,Green,28.5,2.3,50,28.1,
1,Sampaloc,May,2022,,,,,,,,,
1,Quiling,May,2022,,,,,,,,,
1,San Isidro,May,2022,,,,,,,,,
2,Buso-Buso,May,2022,8:10,Sunny,E,Green,32,1.8,47,28.2,
2,Leviste,May,2022,8:33,Mostly Cloudy,E,Green,31,1.9,30,30,
3,Ba�aga,May,2022,7:52,Sunny,E,Green,30,1.2,37,28.1,
3,Manalaw,May,2022,7:35,Partly Cloudy ,ENE,Green,28,1.9,32,28.1,
4,Mataas na Kahoy,May,2022,6:55,Cloudy,NE,Green,28,2.5,50,27.3,
5,Tanauan,May,2022,7:00,Partly Cloudy ,ENE,Green,27.1,3.1,50,28,
1,Sampaloc,June,2022,8:53,Partly Cloudy ,ENE,Dark Green ,31.5,1.9,50,29.4,
1,Quiling,June,2022,9:15,Partly Cloudy ,E,Dark Green ,31.5,2.2,33,29.8,
1,San Isidro,June,2022,8:15,Partly Cloudy ,ESE,Dark Green ,31.5,2.3,50,28.8,
2,Buso-Buso,June,2022,7:58,Partly Cloudy ,ENE,Dark Green ,30.5,2.4,50,29.8,
2,Leviste,June,2022,8.36,Partly Cloudy ,ENE,Dark Green ,31,2.1,31,29.4,
3,Ba�aga,June,2022,7:44,Partly Cloudy ,NE,Dark Green ,29,2.5,34,29.8,
3,Manalaw,June,2022,7:28,Partly Cloudy ,ENE,Dark Green ,29.2,2.7,29,29,
4,Mataas na Kahoy,June,2022,6:52,Partly Cloudy ,ENE,Dark Green ,29,2.5,50,28.2,
5,Tanauan,June,2022,6:29,Partly Cloudy ,ESE,Dark Green ,28,2.4,50,28,
1,Sampaloc,July,2022,9:43,Sunny,E,Green,31,2.2,50,29.4,
1,Quiling,July,2022,10:14,Sunny,E,Green,32,1.7,44,29,
1,San Isidro,July,2022,8:53,Sunny,E,Green,29.5,2.2,50,31.1,
2,Buso-Buso,July,2022,8:28,Sunny,E,Green,29,2.4,43,30.2,
2,Leviste,July,2022,9:22,Sunny,E,Green,29,2.9,33,28.4,
3,Ba�aga,July,2022,8:08,Sunny,E,Green,30,3.2,46,28,
3,Manalaw,July,2022,7:45,Sunny,E,Green,30.5,3.7,33,30.7,
4,Mataas na Kahoy,July,2022,7:04,Sunny,NE,Green,26.5,4.5,50,28.1,
5,Tanauan,July,2022,6:59,Partly Cloudy ,NE,Green,27.5,2.2,50,28.2,
1,Sampaloc,August,2022,9:25,Cloudy,SW,Green,29,2.1,50,30.3,
1,Quiling,August,2022,9:49,Cloudy,SW,Green,29.8,1.9,30,28.4,
1,San Isidro,August,2022,8:43,Partly Cloudy ,SW,Green,30,1.9,50,30,
2,Buso-Buso,August,2022,8:20,Cloudy,WSW,Green,29.5,2.5,51,29.6,
2,Leviste,August,2022,9:04,Cloudy,SW,Green,29,3.1,33,29.7,
3,Ba�aga,August,2022,8:05,Partly Cloudy ,WSW,Green,28.5,3.3,40,30,
3,Manalaw,August,2022,7:47,Partly Cloudy ,SE,Green,28.5,2.9,41,29.8,
4,Mataas na Kahoy,August,2022,7:08,Fair,WSW,Green,28,3,50,28.2,
5,Tanauan,August,2022,6:45,Cloudy,WSW,Green,27.5,2.5,50,28.8,
1,Sampaloc,September,2022,9:25,Partly Cloudy ,SW,Green,30,1.9,50,29.8,
1,Quiling,September,2022,9:49,Partly Cloudy ,WSW,Green,31.5,1.9,30,29.6,
1,San Isidro,September,2022,,,,,,,,,
2,Buso-Buso,September,2022,8:09,Cloudy,WSW,Green,29.2,2,50,30,
2,Leviste,September,2022,8:31,Partly Cloud,WSW,Green,29.4,1.4,31,29.9,
3,Ba�aga,September,2022,7:45,Cloudy,WSW,Green,28,1.8,39,29.6,
3,Manalaw,September,2022,7:29,Cloudy,SW,Green,28,2,40,29.6,
4,Mataas na Kahoy,September,2022,6:52,Cloudy,WSW,Green,27,2.1,50,28.4,
5,Tanauan,September,2022,6:30,Cloudy,WSW,Green,26.8,2.8,50,28.2,
1,Sampaloc,October,2022,8:54,Partly Cloud,NE,Green,30.8,1.7,50,29.3,
1,Quiling,October,2022,9:15,Cloudy,NE,Green,30.2,1.9,31,29.6,
1,San Isidro,October,2022,8:17,Partly Cloud,NE,Green,29.8,1.8,50,29.6,
2,Buso-Buso,October,2022,7:59,Cloudy,NE,Green,29.3,1.7,50,29.6,
2,Leviste,October,2022,8:37,Partly Cloud,NE,Green,29.9,1.6,30,29.1,
3,Ba�aga,October,2022,7:45,Cloudy,NE,Green,28.5,1.6,38,29.3,
3,Manalaw,October,2022,7:30,Cloudy,NE,Green,29,2,36,29.5,
4,Mataas na Kahoy,October,2022,6:55,Cloudy,NE,Green,28,2.1,50,28.6,
5,Tanauan,October,2022,6:34,Cloudy,NE,Green,27.5,1.9,50,30,
1,Sampaloc,November,2022,,Partly Cloud,NE,Green,28.5,,,28.6,
1,Quiling,November,2022,,Rainy Cloudy,NE,Green,27,,,28.2,
1,San Isidro,November,2022,,,,,,,,,
2,Buso-Buso,November,2022,,,,,,,,,
2,Leviste,November,2022,,Cloudy,NE,Green,27,,,28.9,
3,Ba�aga,November,2022,,,,,,,,,
3,Manalaw,November,2022,,,,,,,,,
4,Mataas na Kahoy,November,2022,,Mostly Cloudy,NE,Green,28,,,28.4,
5,Tanauan,November,2022,,Mostly Cloudy,NE,Green,28,,,28.2,
1,Sampaloc,December ,2022,,Sunny,ENE,Green,29.5,,,28.9,
1,Quiling,December ,2022,,Sunny,ENE,Green,28.5,,,28.4,
1,San Isidro,December ,2022,,,,,,,,,
2,Buso-Buso,December ,2022,,Partly Cloudy,ENE,Green,27.5,,,28.8,
2,Leviste,December ,2022,,Sunny,ENE,Green,30.5,,,29,
3,Ba�aga,December ,2022,,Sunny,ENE,Green,28,,,28.8,
3,Manalaw,December ,2022,,Sunny,ENE,Green,27.5,,,28.8,
4,Mataas na Kahoy,December ,2022,,Fair,ENE,Green,26,,,28.2,
5,Tanauan,December ,2022,,Fair,NE,Green,26.5,,,28.2,
1,Sampaloc,January ,2023,7:08,Mostly Cloudy,E,Dark Green,26.5,3.9,,26.8,
1,Quiling,January ,2023,8:20,Mostly Cloudy,ENE,Dark Green,28,5.5,,26.8,
1,San Isidro,January ,2023,,,,,,,,,
2,Buso-Buso,January ,2023,10:43,Cloudy,NE,Dark Green,27.3,5.9,10,26.8,
2,Leviste,January ,2023,7:41,Mostly Cloudy,NE,Dark Green,28.5,3.9,,27.1,
3,Ba�aga,January ,2023,10:05,Cloudy,ENE,Dark Green,28,3.9,12.3,26.8,
3,Manalaw,January ,2023,9:16,Cloudy,ENE,Dark Green,26.9,4.2,10.2,27,
4,Mataas na Kahoy,January ,2023,7:27,Cloudy,NE,Dark Green,25.6,5.2,48.4,26.6,
5,Tanauan,January ,2023,8:45,Mostly Cloudy,NE,Dark Green,26,4.2,,26.6,
1,Sampaloc,February,2023,8:37,Mostly Sunny,NE,Dark Green,32.8,2.6,,32.2,
1,Quiling,February,2023,9:01,Sunny,NE,Green,31.2,4.2,,31.8,
1,San Isidro,February,2023,,,,,,,,,
2,Buso-Buso,February,2023,8:04,Mostly Sunny,NE,Dark Green,31.5,3,,31.9,
2,Leviste,February,2023,8:22,Mostly Sunny,NNE,Dark Green,33,2.7,,32.2,
3,Ba�aga,February,2023,7:52,Mostly Sunny,NE,Dark Green,30.5,3.2,,32,
3,Manalaw,February,2023,7:36,Mostly Sunny,ENE,Dark Green,30.3,2.9,,32,
4,Mataas na Kahoy,February,2023,6:58,Fair,ENE,Dark Green,28.9,6.5,,31.3,
5,Tanauan,February,2023,6:34,Fair,ENE,Dark Green,28.8,3.3,,31.5,
1,Sampaloc,March,2023,8:54,Sunny,NE,Green,28.5,2.5,87.7,26.8,
1,Quiling,March,2023,9:20,Sunny,NE,Green,28.5,3.8,27.4,26.5,
1,San Isidro,March,2023,,,,,,,,,
2,Buso-Buso,March,2023,8:14,Partly Cloudy,NE,Green,30,2.7,44.7,27,
2,Leviste,March,2023,8:37,Partly Cloudy,NE,Green,29.5,2.9,27.4,26.9,
3,Ba�aga,March,2023,8:02,Sunny,NE,Green,27.5,3.2,33.5,27.1,
3,Manalaw,March,2023,7:44,Fair,NE,Green,27,3,31,26.8,
4,Mataas na Kahoy,March,2023,7:08,Fair,NE,Green,26,4.8,61.6,26.5,
5,Tanauan,March,2023,6:44,Fair,NE,Green,28,4.1,50.9,26.3,
1,Sampaloc,April,2023,8:36,Sunny,E,Green,30,1.4,,30.6,
1,Quiling,April,2023,8:58,Sunny,ENE,Green,31.1,1.7,,30.2,
1,San Isidro,April,2023,,,,,,,,,
2,Buso-Buso,April,2023,8:00,Sunny,E,Green,29,1.2,,30,
2,Leviste,April,2023,8:20,Sunny,ENE,Dark Green,29.5,1.2,,30.5,
3,Ba�aga,April,2023,7:47,Sunny,E,Dark Green,29.2,1.3,,29.8,
3,Manalaw,April,2023,7:29,Mostly Sunny,E,Green,28.3,1.3,,29.9,
4,Mataas na Kahoy,April,2023,6:53,Partly Sunny,E,Green,28.7,1.8,,28.8,
5,Tanauan,April,2023,6:30,Partly Sunny,ESE,Green,27.8,1.8,,28.8,
1,Sampaloc,May,2023,8:46,Mostly Cloudy,ENE,Green,31,1.9,,31.3,
1,Quiling,May,2023,9:09,Partly Cloudy ,E,Green,31,2.3,,31,
1,San Isidro,May,2023,,,,,,,,,
2,Buso-Buso,May,2023,8:00,Partly Cloudy,ENE,Green,30,2.2,,30.8,
2,Leviste,May,2023,8:19, Cloudy,NE,Green,30,1.9,,31.6,
3,Ba�aga,May,2023,7:48,Partly Cloudy,ENE,Green,30,2.1,,31.1,
3,Manalaw,May,2023,7:33,Partly Cloudy,,Green,29.5,2.2,,31.1,
4,Mataas na Kahoy,May,2023,6:58,Partly Cloudy,ENE,Green,27,2.4,,29.9,
5,Tanauan,May,2023,6:31,Fair,ESE,Green,28,2.6,,30.2,
1,Sampaloc,June,2023,8:35,Partly Sunny,NNW,Green,31,1.7,,30.8,
1,Quiling,June,2023,8:56,Mostly Sunny,NE,Green,31.8,1.8,,31.1,
1,San Isidro,June,2023,,,,,,,,,
2,Buso-Buso,June,2023,8:04,Cloudy,NW,Green,29.9,1.9,,31.5,
2,Leviste,June,2023,8:21,Cloudy,NNW,Green,31,1.7,,31.9,
3,Ba�aga,June,2023,7:50,Cloudy,NW,Green,29.8,1.7,,31.6,
3,Manalaw,June,2023,7:34,Mostly Sunny,N,Green,29,2.1,,31,
4,Mataas na Kahoy,June,2023,7:02,Mostly Sunny,WNW,Green,29.4,1.9,,31.1,
5,Tanauan,June,2023,6:39,Cloudy,SW,Green,29.5,1.8,,31.1,
1,Sampaloc,July,2023,8:35,Partly Cloudy,SWS,Dark Green,31,2.5,,31.1,
1,Quiling,July,2023,8:57,Sunny,SWS,Dark Green,31,2.1,,31.3,
1,San Isidro,July,2023,,,,,,,,,
2,Buso-Buso,July,2023,8:10,Cloudy,NE,Dark Green,29,1.2,,32.2,
2,Leviste,July,2023,8:10,Partly Cloudy,SW,Dark Green,30.5,2.2,,30.8,
3,Ba�aga,July,2023,7:57,Cloudy,NE,Dark Green,31,1.8,,32.5,
3,Manalaw,July,2023,6:39,Cloudy,NE,Dark Green,31,1.9,,32.5,
4,Mataas na Kahoy,July,2023,5:54,Mostly Cloudy,N,Dark Green,31,1.6,,31.5,
5,Tanauan,July,2023,6:30,Mostly Cloudy,W,Dark Green,28,2.1,,30.3,
1,Sampaloc,August,2023,8:28,Mostly Sunny,W, Green,32.5,2,349,30.9,
1,Quiling,August,2023,8:46,Mostly Sunny,SW,Dark Green,31.5,2.1,94.5,31.6,
1,San Isidro,August,2023,,,,,,,,,
2,Buso-Buso,August,2023,7:50,Mostly Sunny,W,Brownish Green,31,1.3,145.5,30.8,
2,Leviste,August,2023,8:12,Mostly Sunny,WNW,Dark Green,31,1.7,88.9,30.4,
3,Ba�aga,August,2023,7:42,Mostly Sunny,W,Brownish Green,31,1.4,141.1,30.3,
3,Manalaw,August,2023,7:25,Sunny,SW,Brownish Green,30.5,1.8,99.5,29.9,
4,Mataas na Kahoy,August,2023,6:53,Partly Sunny,SW,Dark Green,30,2.1,242,30.1,
5,Tanauan,August,2023,6:32,Mostly Sunny,SW,Dark Green,29.8,1.9,334,30.6,
1,Sampaloc,September,2023,8:32,Partly Cloudy,SWS,Green,30.5,1.9,96.6,31,
1,Quiling,September,2023,8:53,Cloudy,SW,Green,30.6,1.7,25.5,31.1,
1,San Isidro,September,2023,,,,,,,,,
2,Buso-Buso,September,2023,7:58,Cloudy,W,Green,29.5,1.9,45.4,30.2,
2,Leviste,September,2023,8:16,Cloudy,WNW,Green,30,1.7,28.5,30.7,
3,Ba�aga,September,2023,7:45,Cloudy,SWS,Green,29.8,2,36.6,30.2,
3,Manalaw,September,2023,7:31,Partly Cloudy,SWS,Green,30,2.3,32,30.2,
4,Mataas na Kahoy,September,2023,6:59,Fair,SWS,Green,30.3,2.3,64.3,30.2,
5,Tanauan,September,2023,6:40,Partly Cloudy,SW,Green,29.5,1.9,,29.8,
1,Sampaloc,October,2023,8:38,Sunny,E,Green,30,1.7,293,29.4,
1,Quiling,October,2023,9:01,Sunny,E,Green,30,1.6,109,29,
1,San Isidro,October,2023,,,,,,,,,
2,Buso-Buso,October,2023,8:03,Sunny,ENE,Green,29.5,2.1,174,29,
2,Leviste,October,2023,8:20,Sunny,NE,Green,29.9,1.6,123,29.2,
3,Ba�aga,October,2023,7:49,Fair,ENE,Green,28.5,1.9,93.6,28.9,
3,Manalaw,October,2023,7:30,Fair,E,Green,28.3,2,124.9,29,
4,Mataas na Kahoy,October,2023,6:57,Fair,ENE,Green,28,3.2,198,28,
5,Tanauan,October,2023,6:38,Fair,ESE,Green,28,3.1,,28.2,
1,Sampaloc,November,2023,7:16,Mostly Cloudy,ENE,Dark Green,27.5,4.2,310,27.2,
1,Quiling,November,2023,6:47,Mostly Cloudy,NE,Dark Green,26,3.5,98.4,27,
1,San Isidro,November,2023,,,,,,,,,
2,Buso-Buso,November,2023,6:27,Fair,ENE,Dark Green,27,4.4,149.3,27,
2,Leviste,November,2023,7:38,Mostly Cloudy,ENE,Dark Green,26.5,4.4,118,27.2,
3,Ba�aga,November,2023,6:44,Fair,ENE,Dark Green,26.8,3.3,90.7,27,
3,Manalaw,November,2023,7:04,Fair,E,Dark Green,27.1,3.9,169.9,27,
4,Mataas na Kahoy,November,2023,7:49,Fair,ENE,Dark Green,27,4.3,114,27,
5,Tanauan,November,2023,8:26,Mostly Cloudy,NE,Dark Green,27.3,3.9,314,27,
1,Sampaloc,December ,2023,7:08,Sunny,ENE,Green,29.5,3.9,,27.1,
1,Quiling,December ,2023,6:44,Fair,NE,Green,27,5.5,,26.3,
1,San Isidro,December ,2023,,,,,,,,,
2,Buso-Buso,December ,2023,6:41,Fair,NE,Green,27,3.1,,27.3,
2,Leviste,December ,2023,7:26,Sunny,ENE,Green,29.4,2.9,,28,
3,Ba�aga,December ,2023,6:56,Fair,NE,Green,27.3,2.9,,27.4,
3,Manalaw,December ,2023,7:17,Sunny,ENE,Green,26.5,3.2,,27.8,
4,Mataas na Kahoy,December ,2023,8:00,Sunny,ENE,Green,27.1,5.9,,27.1,
5,Tanauan,December ,2023,8:25,Sunny,ENE,Green,27,4.2,,27,
1,Sampaloc,January ,2024,7:17,Mostly Cloudy,ENE,Dark Green,25.5,4.9,,25.9,
1,Quiling,January ,2024,6:52,Mostly Cloudy,ENE,Dark Green,25,3.9,,26.5,
1,San Isidro,January ,2024,,,,,,,,,
2,Buso-Buso,January ,2024,6:43,Mostly Cloudy,NE,Dark Green,25.7,3.8,,25.7,
2,Leviste,January ,2024,7:41,Rainshower,ENE,Dark Green,24,4,,25.7,
3,Ba�aga,January ,2024,7:01,Mostly Cloudy,NE,Dark Green,25.2,4.2,,25.2,
3,Manalaw,January ,2024,7:20,Mostly Cloudy,ENE,Dark Green,25.1,3.9,,25.1,
4,Mataas na Kahoy,January ,2024,,,,,,,,,
5,Tanauan,January ,2024,8:27,Mostly Cloudy,E,Dark Green,25.5,3.9,,25.8,
1,Sampaloc,February,2024,7:01,Mostly Cloudy,NE,Dark Green,26,4.7,108,25.2,
1,Quiling,February,2024,6:40,Mostly Cloudy,NE,Dark Green,29.3,4.3,30,24,
1,San Isidro,February,2024,,,,,,,,,
2,Buso-Buso,February,2024,6:34,Mostly Cloudy,ENE,Dark Green,25,4.6,57.1,25.5,
2,Leviste,February,2024,7:24,Partly Cloudy,NE,Dark Green,27,3.9,31,25.3,
3,Ba�aga,February,2024,6:50,Mostly Cloudy,ENE,Dark Green,27,3.8,34.4,26,
3,Manalaw,February,2024,7:07,Mostly Cloudy,ENE,Dark Green,27,3.4,28.7,26,
4,Mataas na Kahoy,February,2024,7:49,Mostly Cloudy,ENE,Dark Green,27,4.9,54.8,25.3,
5,Tanauan,February,2024,8:19,Mostly Cloudy,NE,Dark Green,25,2.9,99,25,
1,Sampaloc,March,2024,7:10,Partly Cloudy,ENE,Dark Green,27,2.9,90.2,25,
1,Quiling,March,2024,6:47,Partly Cloudy,ENE,Dark Green,27,4.2,34.4,25.6,
1,San Isidro,March,2024,,,,,,,,,
2,Buso-Buso,March,2024,7:08,Mostly Cloudy,ENE,Dark Green,27.3,2.2,47.8,26.5,
2,Leviste,March,2024,7:35,Partly Cloudy,ENE,Dark Green,26.8,2.2,34.7,26,
3,Ba�aga,March,2024,7:20,Mostly Cloudy,ENE,Dark Green,26.5,2.8,40.5,26.5,
3,Manalaw,March,2024,7:39,Mostly Cloudy,E,Dark Green,27,2.9,41.5,26.2,
4,Mataas na Kahoy,March,2024,8:29,Partly Cloudy,E,Yellowish Brown,27.5,1.9,57.3,26.5,
5,Tanauan,March,2024,8:54,Partly Cloudy,ENE,Dark Green,27.8,2.3,,26,
